Mantequilla 250 g;7000;76
Gaseosa 1.5 L;5700;75
Jabón de loza;5500;66
Café 250 g;8200;57
Pan tajado;5900;55
Harina de maíz 1 kg;3200;54
Lenteja 500 g;4100;54
Pasta 500 g;3400;54
Huevos x 12;12200;51
Panela 500 g;3100;51
Arroz 500 g;2700;48
Crema dental;6500;46
Sal 1 kg;1800;45
Papel higiénico x 4;9800;43
Frijol 500 g;5300;39
Aceite 1 L;11300;36
Leche 1 L;4200;36
Champú 400 ml;14100;33
Detergente 1 kg;15000;33
Azúcar 1 kg;4400;30
Galletas x 6;4700;24
Atún en lata;8200;22
Jugo de naranja 1 L;6200;22
Queso campesino 500 g;12300;20
Chocolate 250 g;6000;16
